pH,nitrate,turbidity,temperature,algae_density,outcome
6.21,688.00,369.90,33.00,988.00,0
6.21,768.60,369.90,33.50,1152.00,0
6.21,777.50,369.90,33.50,1392.00,1
6.20,739.80,369.90,33.75,1303.00,1
6.20,761.10,369.90,33.00,1316.00,1
6.19,658.30,369.90,33.25,1291.00,1
6.20,735.40,369.90,33.50,1205.00,1
6.20,710.50,369.90,33.50,1394.00,1
6.20,686.50,369.90,33.25,1322.00,1
6.20,678.70,369.90,33.25,1383.00,1
6.20,658.30,369.90,33.50,1326.00,1
6.20,636.00,369.90,33.50,1267.00,1
6.20,638.50,369.90,33.50,1240.00,1
6.20,628.80,369.90,33.25,1256.00,1
6.20,602.90,369.90,33.25,1258.00,1
6.20,589.30,369.90,33.00,1227.00,1
6.20,607.60,369.90,33.50,1296.00,1
6.20,609.90,369.90,33.50,1270.00,1
6.20,598.40,369.90,33.50,1240.00,1
6.20,573.80,369.90,33.50,1234.00,1
6.20,596.10,369.90,33.50,1306.00,1
6.20,537.80,369.90,33.50,1288.00,1
6.20,519.60,369.90,33.25,1232.00,1
6.20,498.30,639.62,33.25,1182.00,0
6.20,481.50,676.91,33.25,1165.00,0
6.19,443.60,675.69,33.50,1193.00,0
6.19,403.30,670.85,33.50,1199.00,0
6.19,397.20,791.31,33.50,1133.00,0
6.19,411.10,863.92,33.25,1139.00,0
6.19,380.90,908.97,33.25,1148.00,0
6.19,356.90,906.67,33.25,1163.00,0
6.18,337.10,902.46,33.25,1164.00,0
6.18,330.10,933.03,33.25,1143.00,0
6.18,326.30,925.79,33.25,1141.00,0
6.18,326.30,955.82,33.25,1124.00,0
6.18,344.20,951.65,33.00,1084.00,0
6.19,341.60,961.87,33.00,1087.00,0
6.19,349.50,1011.48,33.25,1093.00,0
6.19,342.90,989.76,33.25,1082.00,0
6.19,330.10,999.51,33.25,1073.00,0
6.19,321.40,1018.20,33.00,1094.00,0
6.18,317.70,1032.72,33.25,1101.00,0
6.17,309.90,1025.65,33.25,1103.00,0
6.17,301.70,1033.46,33.25,1103.00,0
6.17,293.80,1044.22,33.00,1071.00,0
6.18,288.20,1086.22,33.00,1116.00,0
6.18,287.10,1057.53,33.25,1145.00,0
6.18,284.90,1095.37,33.25,1120.00,0
6.18,283.80,1080.72,33.00,1128.00,0
6.18,281.70,1090.25,33.00,1113.00,0
6.18,277.40,1093.17,33.25,1108.00,0
6.18,277.40,1118.33,33.25,1107.00,0
6.18,274.20,1146.56,33.25,1105.00,0
6.18,272.10,1160.96,33.50,1074.00,0
6.17,269.00,1161.32,33.25,1080.00,0
6.18,289.30,1184.60,33.50,1089.00,0
6.18,351.50,1195.64,33.50,1114.00,0
6.18,370.90,1291.14,33.50,1118.00,0
6.18,366.60,1234.92,33.25,1105.00,0
6.18,361.10,1258.43,33.25,1106.00,0
6.18,356.30,1285.24,33.50,1115.00,0
6.19,350.90,1300.13,33.50,1138.00,0
6.19,344.20,1317.70,33.25,1097.00,0
6.18,337.70,1410.53,33.50,1079.00,0
6.19,337.70,1337.57,33.50,1080.00,0
6.19,349.50,1404.52,33.50,1096.00,0
6.19,356.30,1415.21,33.00,1106.00,0
6.19,353.60,1435.16,33.00,1083.00,0
6.19,345.60,1543.90,33.50,1080.00,0
6.19,336.40,1437.14,33.50,1079.00,0
6.18,328.80,1450.69,33.50,1067.00,0
6.18,328.80,1481.54,33.00,1061.00,0
6.18,332.60,1513.37,33.50,1067.00,0
6.18,332.60,1520.14,19.50,1100.00,0
6.18,328.80,1524.65,33.50,1120.00,0
6.19,323.80,1561.43,33.25,1130.00,0
6.19,322.60,1579.81,33.50,1131.00,0
6.19,324.50,1586.12,33.50,1122.00,0
6.19,325.70,1593.35,33.50,1081.00,0
6.19,330.70,1609.65,33.50,1103.00,0
6.19,335.80,1639.48,33.25,1133.00,0
6.20,341.00,1656.12,33.50,1156.00,0
6.19,337.10,1686.67,33.50,1150.00,0
6.19,327.00,1699.70,33.50,1134.00,0
6.19,328.20,1747.30,33.50,1163.00,0
6.19,319.50,1749.67,33.25,1136.00,0
6.19,309.90,1764.15,33.50,1104.00,0
6.19,304.10,1777.08,33.50,1113.00,0
6.19,299.50,1789.07,33.50,1109.00,0
6.19,296.00,1805.06,33.25,1156.00,0
6.18,291.60,1804.77,28.50,1137.00,0
6.18,289.30,1803.61,33.75,1093.00,0
6.19,290.40,1821.52,33.75,1098.00,0
6.19,299.50,1841.29,33.25,1080.00,0
6.19,302.90,1871.34,33.50,1101.00,0
6.19,303.50,1900.43,33.75,1136.00,0
6.19,301.20,1906.54,33.75,1122.00,0
6.19,297.80,1979.30,33.75,1115.00,0
6.19,292.10,1910.97,33.50,1109.00,0
6.20,288.80,1940.64,33.50,1111.00,0
6.20,287.70,1945.00,33.75,1111.00,0
6.19,285.50,1950.99,33.25,1102.00,0
6.19,282.30,1947.45,33.50,1114.00,0
6.18,283.30,1970.45,33.75,1141.00,0
6.19,282.30,1991.59,33.75,1128.00,0
6.19,282.30,2002.47,33.75,1118.00,0
6.19,278.00,2026.69,32.75,1127.00,0
6.18,273.80,2039.98,33.50,1089.00,0
6.19,269.60,2081.61,33.75,1090.00,0
6.19,265.50,2088.46,33.75,1093.00,0
6.19,262.50,2084.66,33.75,1099.00,0
6.19,261.50,2093.52,33.50,1086.00,0
6.19,259.50,2129.76,33.75,1115.00,0
6.19,283.30,2204.77,33.75,1126.00,0
6.18,275.90,2221.71,33.75,1146.00,0
6.18,273.80,2254.59,33.75,1124.00,0
6.18,270.60,2206.66,33.50,1114.00,0
6.18,263.50,2267.13,33.75,1112.00,0
5.93,268.60,2256.19,33.75,1143.00,0
6.18,263.50,2293.25,33.75,1147.00,0
6.19,262.50,2200.74,33.75,1169.00,0
6.19,259.00,2202.40,33.75,1172.00,0
6.19,255.50,2163.32,33.75,1172.00,0
6.19,251.70,2227.32,33.75,1192.00,0
6.19,249.70,2169.86,33.50,1158.00,0
6.19,248.30,2176.37,32.00,1132.00,0
6.19,245.50,2191.23,33.75,1179.00,0
6.19,242.70,2185.97,33.75,1228.00,1
6.20,239.90,2206.19,33.75,1228.00,1
6.19,238.10,2224.28,33.50,1226.00,1
6.20,234.50,2206.66,33.75,1219.00,1
6.19,248.30,2264.63,33.50,1254.00,1
6.19,248.30,2273.03,33.75,1220.00,1
6.19,239.90,2250.23,33.25,1234.00,1
6.19,227.40,2259.39,33.50,1274.00,1
6.20,224.00,2258.93,33.50,1259.00,1
6.19,221.80,2273.48,33.50,1246.00,1
6.20,218.40,2284.29,33.50,1253.00,1
6.20,217.60,2298.37,33.50,1249.00,1
6.20,211.00,2363.89,33.25,1257.00,1
6.20,211.80,2358.80,33.50,1256.00,1
6.19,199.20,2366.64,33.50,1264.00,1
6.19,200.70,2386.97,33.50,1263.00,1
6.19,206.20,2406.15,33.50,1256.00,1
6.20,204.20,2404.71,33.50,1261.00,1
6.20,211.40,2030.61,33.50,1275.00,1
6.20,225.60,1889.29,33.50,1264.00,1
6.20,221.80,2112.85,33.75,1286.00,1
6.21,219.20,2186.93,33.75,1316.00,1
6.21,218.40,2204.53,33.75,1287.00,1
6.21,216.70,2204.53,33.25,1283.00,1
6.21,215.10,2144.05,33.50,1311.00,1
6.20,212.60,2130.99,33.75,1274.00,1
6.19,211.80,2139.13,33.50,1359.00,1
6.19,207.00,2260.76,33.75,1404.00,1
6.20,206.20,2247.01,33.75,1371.00,1
6.20,206.20,2251.84,33.50,1372.00,1
6.20,204.60,2251.15,33.75,1362.00,1
6.19,199.20,2164.29,33.25,1401.00,1
6.20,197.70,2164.05,33.50,1421.00,1
6.20,198.00,2178.78,33.50,1433.00,1
6.20,196.50,2309.00,33.50,1453.00,1
6.20,195.70,2295.92,33.25,1392.00,1
6.20,194.20,2304.35,33.50,1354.00,1
6.20,195.00,2315.60,33.75,1398.00,1
6.19,196.50,2295.25,33.50,1445.00,1
6.18,197.30,2133.96,33.75,1417.00,1
6.17,197.30,2053.19,33.50,1441.00,1
6.17,195.70,2131.24,33.25,1484.00,1
6.17,195.00,2210.91,33.50,1509.00,1
6.18,195.00,2266.45,33.50,1439.00,1
6.18,193.50,2314.50,33.25,1407.00,1
6.18,190.50,2314.28,33.25,1465.00,1
6.17,192.00,2028.26,33.50,1483.00,1
6.17,191.30,2062.20,33.75,1537.00,1
6.18,189.10,2283.17,33.50,1489.00,1
6.18,189.10,2280.70,33.25,1462.00,1
6.18,189.80,2364.32,33.50,1475.00,1
6.19,188.40,2393.19,33.50,1447.00,1
6.19,187.60,2393.81,33.50,1430.00,1
6.19,185.50,2444.19,33.75,1447.00,1
6.19,185.50,2397.93,33.75,1431.00,1
6.19,183.40,2410.23,33.50,1451.00,1
6.19,184.10,2401.43,33.25,1469.00,1
6.19,186.20,2398.55,33.25,1486.00,1
6.19,187.60,2343.20,33.75,1493.00,1
6.19,189.10,2223.11,33.25,1462.00,1
6.18,188.40,2246.09,33.75,1451.00,1
6.18,186.90,2396.08,33.75,1456.00,1
6.19,189.10,2370.02,33.50,1436.00,1
6.19,189.10,2393.60,33.50,1463.00,1
6.19,190.50,2386.55,33.50,1452.00,1
6.19,189.10,2473.49,33.50,1432.00,1
6.19,186.90,2388.84,33.25,1426.00,1
6.19,186.20,2306.12,33.50,1446.00,1
6.20,186.20,2470.21,33.50,1463.00,1
6.19,185.20,2497.49,33.50,1450.00,1
6.19,188.00,2489.55,33.50,1471.00,1
6.19,187.30,2505.00,33.50,1484.00,1
6.19,185.90,2494.28,33.00,1492.00,1
6.19,188.00,2458.74,33.25,1497.00,1
6.20,186.60,2481.55,33.25,1489.00,1
6.20,185.90,2489.17,33.50,1568.00,1
6.20,184.50,2475.60,33.50,1580.00,1
6.20,184.50,2527.17,33.50,1525.00,1
6.20,183.70,2515.04,33.00,1515.00,1
6.20,190.90,2545.62,33.25,1515.00,1
6.20,192.40,2571.23,33.50,1594.00,1
6.19,191.70,2561.43,33.50,1556.00,1
6.20,188.00,2607.17,33.25,1526.00,1
6.20,185.20,2559.66,33.50,1512.00,1
6.18,189.50,2573.84,33.50,1495.00,1
6.18,189.50,2586.24,33.50,1494.00,1
6.18,187.30,2619.74,33.75,1515.00,1
6.18,186.60,2589.48,33.50,1538.00,1
6.19,184.50,2585.73,33.50,1530.00,1
6.19,181.60,2600.14,33.50,1536.00,1
6.19,180.90,2592.71,33.75,1528.00,1
6.19,179.60,2604.84,33.50,1525.00,1
6.19,177.50,2613.65,33.00,1538.00,1
6.19,175.50,2656.07,33.50,1531.00,1
6.18,180.90,2616.62,33.75,1565.00,1
6.19,179.60,2627.73,33.25,1577.00,1
6.19,179.60,2635.00,33.25,1597.00,1
6.19,179.60,2645.37,33.50,1617.00,1
6.19,178.20,2642.36,33.50,1598.00,1
6.19,176.10,2651.68,33.75,1600.00,1
6.19,175.50,2659.65,33.25,1606.00,1
6.19,175.50,2650.27,33.50,1609.00,1
6.19,176.10,2659.18,33.50,1609.00,1
6.19,176.10,2678.02,33.75,1614.00,1
6.19,177.50,2684.94,33.25,1618.00,1
6.18,175.50,2679.08,33.25,1621.00,1
6.18,174.80,2685.83,33.25,1632.00,1
6.19,174.10,2694.57,33.75,1639.00,1
6.19,173.40,2688.07,33.50,1647.00,1
6.19,172.80,2690.00,33.50,1644.00,1
6.20,172.10,2697.95,33.50,1640.00,1
6.21,174.10,2692.95,33.75,1643.00,1
6.20,175.50,2694.43,33.75,1647.00,1
6.21,175.50,2737.97,33.75,1670.00,1
6.20,174.10,2710.84,33.00,1671.00,1
6.20,174.10,2709.98,33.50,1658.00,1
6.20,172.10,2713.41,33.50,1659.00,1
6.20,175.50,2719.09,33.50,1674.00,1
6.20,176.10,2751.70,33.75,1662.00,1
6.20,174.80,2727.77,33.50,1652.00,1
6.20,173.40,2723.59,33.50,1646.00,1
6.20,172.80,2729.99,33.75,1654.00,1
6.19,172.80,2703.63,33.25,1649.00,1
6.19,172.80,2718.66,33.25,1647.00,1
6.19,172.80,2726.52,33.75,1675.00,1
6.19,172.10,2728.47,33.50,1671.00,1
6.19,171.40,2731.93,33.25,1696.00,1
6.19,168.80,2737.01,33.25,1713.00,1
6.19,168.20,2733.72,33.50,1711.00,1
6.18,173.40,2745.02,33.75,1707.00,1
6.18,172.80,2738.10,33.50,1722.00,1
6.19,172.80,2736.46,33.75,1807.00,1
6.19,172.10,2745.82,33.50,1814.00,1
6.19,171.40,2753.16,33.50,1725.00,1
6.19,171.40,2758.96,33.75,1719.00,1
6.20,170.80,2769.07,33.75,1735.00,1
6.20,170.10,2766.11,33.75,1766.00,1
6.19,169.50,2767.78,33.50,1755.00,1
6.20,167.90,2774.55,33.75,1759.00,1
6.20,167.50,2777.45,33.50,1753.00,1
6.20,166.00,2780.84,33.75,1790.00,1
6.19,165.60,2781.84,33.50,1793.00,1
6.20,166.00,2781.21,33.25,1764.00,1
6.20,167.20,2790.97,33.75,1763.00,1
6.20,170.80,2802.53,33.50,1786.00,1
6.21,170.50,2808.42,33.75,1802.00,1
6.20,170.10,2834.62,33.75,1817.00,1
6.20,168.80,2812.15,33.50,1850.00,1
6.21,167.50,2820.28,33.75,1899.00,1
6.21,166.20,2817.67,33.50,1842.00,1
6.20,165.60,2830.79,33.50,1838.00,1
6.21,165.60,2822.88,33.50,1856.00,1
6.22,165.00,2825.46,33.50,1887.00,1
6.22,164.30,2834.51,33.75,1925.00,1
6.22,165.00,2837.65,33.50,1918.00,1
6.22,163.70,2839.05,33.25,1958.00,1
6.22,162.40,2839.59,33.50,2000.00,1
6.21,161.80,2852.51,33.50,1935.00,1
6.22,161.80,2856.91,33.50,1914.00,1
6.22,160.00,2854.57,33.25,1885.00,1
6.22,158.70,2879.96,33.25,1908.00,1
6.22,168.20,2863.72,33.75,1838.00,1
6.20,159.30,2881.54,33.50,1326.00,1
6.19,157.50,2906.83,33.50,1259.00,1
6.19,159.30,2910.01,33.25,1430.00,1
6.19,158.70,2908.55,33.50,1644.00,1
6.19,159.30,2912.43,33.50,1660.00,1
6.19,156.90,2919.72,33.50,1637.00,1
6.20,153.30,2921.85,33.00,1629.00,1
6.20,149.50,2923.14,33.50,1624.00,1
6.20,149.20,2921.70,33.50,1634.00,1
6.22,149.80,2930.98,33.50,1627.00,1
6.21,150.00,2926.04,33.50,1625.00,1
6.22,152.40,2926.34,33.00,1632.00,1
6.22,152.10,2931.91,33.25,1646.00,1
6.22,153.60,2934.23,33.50,1651.00,1
6.21,153.60,2938.15,33.50,1652.00,1
6.22,152.70,2941.17,33.50,1592.00,1
6.22,151.50,2947.81,33.25,1565.00,1
6.22,152.10,2943.40,33.25,1557.00,1
6.21,148.60,2947.49,33.50,1609.00,1
6.21,149.80,2950.22,33.50,1778.00,1
6.22,148.60,2956.06,33.50,1803.00,1
6.22,148.60,2950.65,33.50,1787.00,1
6.22,146.90,2951.98,33.50,1784.00,1
6.21,146.90,2951.50,33.50,1774.00,1
6.21,146.90,2951.86,33.00,2080.00,1
6.22,147.70,2952.23,33.25,2326.00,1
6.21,147.70,2957.95,33.50,2313.00,1
6.22,148.90,2966.47,33.50,2295.00,1
6.22,153.60,2969.08,33.00,2264.00,1
6.22,151.80,2970.45,33.00,2296.00,1
6.22,150.60,2974.30,33.50,2328.00,1
6.22,147.70,2978.88,33.50,2320.00,1
6.23,150.60,2979.67,33.50,2300.00,1
6.23,155.90,2983.08,33.50,2275.00,1
6.22,157.80,2981.84,33.25,2271.00,1
6.22,154.70,2983.83,33.50,2266.00,1
6.21,161.50,2988.17,33.50,1994.00,1
6.22,161.50,2987.26,33.50,1327.00,1
6.22,160.20,2989.85,33.25,1363.00,1
6.22,158.40,2989.02,33.25,1381.00,1
6.22,156.50,2987.60,33.25,1375.00,1
6.22,154.70,2987.57,33.50,1378.00,1
6.23,152.10,2992.75,33.50,1379.00,1
6.23,150.00,2989.31,33.25,1399.00,1
6.23,148.30,2990.98,33.25,1398.00,1
6.23,146.00,2990.19,33.50,1419.00,1
6.23,144.90,2993.08,33.50,1401.00,1
6.23,144.90,2942.29,33.00,1359.00,1
6.23,144.30,2950.16,33.00,1336.00,1
6.23,147.20,2939.77,33.50,1306.00,1
6.23,146.00,2946.48,33.50,981.00,0
6.22,147.20,2946.74,33.00,902.00,0
6.23,147.20,2951.02,32.75,936.00,0
6.22,146.00,2954.90,33.00,971.00,0
6.20,143.80,2957.44,33.25,950.00,0
6.20,141.80,2956.75,32.50,966.00,0
6.20,139.10,2956.29,33.00,964.00,0
6.20,135.90,2958.85,33.00,936.00,0
6.21,132.20,2957.44,33.50,942.00,0
6.21,131.20,2965.75,33.50,915.00,0
6.21,130.70,2959.36,33.50,914.00,0
6.21,131.20,2959.41,33.25,922.00,0
6.21,133.30,2961.12,33.25,911.00,0
6.21,134.30,2964.08,32.75,904.00,0
6.21,135.40,2968.54,33.50,897.00,0
6.20,139.10,2971.74,33.25,904.00,0
6.21,140.20,2973.75,33.25,882.00,0
6.21,141.30,2976.09,33.50,895.00,0
6.21,142.90,2975.38,33.50,895.00,0
6.22,144.60,2982.27,33.50,882.00,0
6.22,144.90,2978.46,33.00,886.00,0
6.22,148.30,2980.08,33.25,887.00,0
6.22,151.20,2982.54,33.50,871.00,0
6.22,151.20,2982.46,33.50,893.00,0
6.22,150.00,2982.00,33.00,917.00,0
6.22,147.70,2983.46,33.50,887.00,0
6.22,147.70,2986.44,33.50,871.00,0
6.22,149.50,2988.96,33.50,876.00,0
6.23,149.50,2992.52,33.50,869.00,0
6.22,149.50,2993.13,33.00,880.00,0
6.23,149.50,2994.54,33.50,891.00,0
6.23,147.20,2994.94,33.50,876.00,0
6.22,146.60,2995.84,33.50,889.00,0
6.21,147.20,2999.30,33.25,897.00,0
6.21,147.20,2997.09,33.25,890.00,0
6.20,147.70,2997.43,32.75,899.00,0
6.21,148.30,2998.05,33.50,924.00,0
6.21,147.70,2997.09,33.50,901.00,0
6.22,144.90,2997.58,33.50,920.00,0
6.22,144.30,2999.45,33.50,929.00,0
6.22,145.50,3001.10,33.50,913.00,0
6.22,144.30,2999.64,33.50,922.00,0
6.22,143.20,2999.77,33.25,926.00,0
6.21,142.70,3000.56,33.25,941.00,0
6.20,142.70,3000.26,33.50,935.00,0
6.20,141.60,2999.55,33.50,886.00,0
6.19,140.50,2999.34,33.50,904.00,0
6.20,138.90,2999.77,33.25,935.00,0
6.23,143.20,369.90,33.50,926.00,0
6.23,139.10,1574.75,32.75,1213.00,0
6.50,592.30,633.51,34.00,2281.00,1
6.50,606.00,1581.07,32.75,393.00,0
6.51,581.20,1569.37,34.00,446.00,0
6.51,595.60,1510.46,34.00,466.00,0
6.51,614.00,1531.08,34.25,466.00,0
6.51,628.10,1564.61,34.00,465.00,0
6.51,637.70,1562.70,34.50,466.00,0
6.51,647.50,1561.12,34.00,467.00,0
6.51,653.60,1599.32,34.50,468.00,0
6.50,656.00,1598.38,34.25,468.00,0
6.50,663.60,1600.57,34.25,468.00,0
6.51,668.60,1582.96,34.50,467.00,0
6.51,689.30,1514.66,34.50,402.00,0
6.50,701.00,793.68,34.75,390.00,0
6.71,976.40,369.90,33.75,687.00,0
6.62,1001.00,369.90,34.00,1021.00,0
6.61,835.60,369.90,33.75,904.00,0
6.60,697.50,369.90,33.75,935.00,0
6.60,602.60,369.90,33.50,1197.00,0
6.60,535.70,369.90,33.75,1275.00,0
6.60,480.80,369.90,33.75,1146.00,0
6.60,463.00,369.90,33.75,1058.00,0
6.60,454.30,369.90,33.75,1048.00,0
6.60,450.00,369.90,34.00,1007.00,0
6.61,473.80,369.90,34.25,976.00,0
6.62,511.20,369.90,34.00,956.00,0
6.62,702.60,369.90,34.00,958.00,0
6.62,729.90,369.90,34.00,987.00,0
6.62,643.70,369.90,34.00,993.00,0
6.62,559.10,369.90,34.25,965.00,0
6.62,538.20,369.90,34.50,972.00,0
6.62,512.30,369.90,34.25,992.00,0
6.62,476.50,369.90,34.25,1006.00,0
6.62,458.80,369.90,34.25,991.00,0
6.62,460.50,369.90,34.50,997.00,0
6.62,464.00,369.90,34.00,970.00,0
6.62,448.40,369.90,34.00,920.00,0
6.62,433.30,369.90,34.00,936.00,0
6.63,464.00,369.90,34.25,909.00,0
6.63,554.90,369.90,34.00,870.00,0
6.63,538.20,369.90,34.25,886.00,0
6.63,493.10,369.90,34.50,911.00,0
6.63,462.30,369.90,34.00,899.00,0
6.63,498.80,369.90,34.00,910.00,0
6.63,487.50,369.90,34.00,944.00,0
6.63,464.00,369.90,34.00,969.00,0
6.63,436.60,369.90,34.25,944.00,0
6.63,437.50,369.90,34.00,928.00,0
6.63,488.50,369.90,33.75,908.00,0
6.63,511.30,369.90,33.75,970.00,0
6.63,494.10,369.90,34.00,999.00,0
6.62,472.10,369.90,34.00,960.00,0
6.62,445.90,369.90,33.75,985.00,0
6.62,425.20,369.90,34.00,1015.00,0
6.62,420.40,369.90,33.25,1032.00,0
6.62,445.10,369.90,33.75,1033.00,0
6.62,476.60,369.90,34.00,1010.00,0
6.62,478.50,369.90,34.00,964.00,0
6.61,458.80,369.90,34.50,945.00,0
6.61,453.60,369.90,34.50,919.00,0
6.61,447.60,369.90,34.50,938.00,0
6.61,442.50,369.90,34.50,945.00,0
6.61,497.90,369.90,34.50,974.00,0
6.61,485.70,369.90,34.50,983.00,0
6.61,450.10,369.90,34.00,948.00,0
6.61,440.00,369.90,34.25,956.00,0
6.61,460.50,369.90,34.25,955.00,0
6.61,487.50,369.90,34.50,932.00,0
6.62,502.60,369.90,34.25,922.00,0
6.62,502.60,369.90,34.25,915.00,0
6.62,661.10,369.90,34.25,920.00,0
6.62,646.10,369.90,34.00,980.00,0
6.62,607.90,369.90,33.50,987.00,0
6.62,589.70,369.90,34.25,996.00,0
6.62,558.10,369.90,34.25,995.00,0
6.62,537.30,369.90,34.50,983.00,0
6.62,543.40,369.90,34.50,963.00,0
6.61,535.20,369.90,34.50,946.00,0
6.61,508.40,369.90,34.50,942.00,0
6.61,480.20,369.90,34.75,963.00,0
6.61,482.00,369.90,34.75,970.00,0
6.61,488.40,369.90,34.75,1053.00,0
6.61,463.10,369.90,34.75,1016.00,0
6.61,435.80,369.90,34.50,975.00,0
6.62,425.90,369.90,34.25,965.00,0
6.61,424.30,369.90,34.00,972.00,0
6.62,423.50,369.90,33.75,993.00,0
6.61,417.10,369.90,33.75,964.00,0
6.62,415.50,369.90,34.00,943.00,0
6.62,413.90,369.90,34.25,947.00,0
6.62,425.90,369.90,33.75,1018.00,0
6.61,439.10,369.90,33.75,1006.00,0
6.61,439.10,369.90,34.00,1010.00,0
6.62,468.40,369.90,34.25,1021.00,0
6.62,495.90,369.90,34.25,1035.00,0
6.62,509.30,369.90,33.50,982.00,0
6.62,569.80,369.90,34.00,952.00,0
6.62,617.30,369.90,34.25,908.00,0
6.63,590.70,369.90,34.50,928.00,0
6.63,568.70,369.90,34.00,921.00,0
6.62,551.60,369.90,34.00,913.00,0
6.63,519.00,369.90,34.25,930.00,0
6.62,486.60,369.90,33.00,946.00,0
6.62,464.90,369.90,34.25,958.00,0
6.62,461.30,369.90,33.50,926.00,0
6.62,472.00,369.90,34.00,896.00,0
6.62,469.30,369.90,30.50,914.00,0
6.62,453.50,369.90,34.50,965.00,0
6.62,435.80,369.90,34.50,915.00,0
6.62,416.30,369.90,34.25,907.00,0
6.62,402.30,369.90,34.25,933.00,0
6.62,391.00,369.90,34.50,953.00,0
6.61,389.50,369.90,34.50,938.00,0
6.61,386.60,369.90,34.25,946.00,0
6.61,403.10,369.90,33.75,928.00,0
6.62,504.50,369.90,34.25,898.00,0
6.61,513.20,369.90,33.75,925.00,0
6.61,501.60,369.90,34.25,924.00,0
6.61,497.80,369.90,33.25,936.00,0
6.62,472.00,369.90,34.00,951.00,0
6.61,449.20,369.90,28.25,927.00,0
6.61,427.60,369.90,33.75,932.00,0
6.61,410.00,369.90,33.75,944.00,0
6.61,394.70,369.90,34.00,964.00,0
6.62,387.30,369.90,33.75,958.00,0
6.62,391.80,369.90,34.25,948.00,0
6.62,413.20,369.90,34.25,904.00,0
6.62,425.90,369.90,34.25,905.00,0
6.62,432.50,369.90,34.50,923.00,0
6.62,461.30,369.90,34.25,914.00,0
6.62,458.80,369.90,33.50,963.00,0
6.62,458.80,369.90,34.00,941.00,0
6.61,457.00,369.90,34.00,939.00,0
6.61,451.80,369.90,34.25,952.00,0
6.61,448.40,369.90,34.00,960.00,0
6.61,443.30,369.90,30.25,970.00,0
6.62,438.30,369.90,34.25,982.00,0
6.61,425.20,369.90,34.25,1000.00,0
6.61,409.30,369.90,32.50,1003.00,0
6.61,391.00,369.90,31.75,1032.00,0
6.61,394.00,369.90,31.75,982.00,0
6.61,388.10,369.90,34.25,1004.00,0
6.61,414.00,369.90,34.25,1130.00,0
6.61,433.30,369.90,34.00,983.00,0
6.61,423.50,369.90,32.25,927.00,0
6.61,417.10,369.90,34.00,969.00,0
6.60,407.70,369.90,33.50,1065.00,0
6.60,395.50,369.90,34.25,1028.00,0
6.61,382.90,369.90,34.25,993.00,0
6.61,372.20,369.90,34.00,1171.00,0
6.60,361.00,369.90,34.00,1063.00,0
6.61,346.20,369.90,33.75,1028.00,0
6.61,330.70,369.90,34.75,1003.00,0
6.61,319.60,369.90,34.25,1044.00,0
6.61,311.80,369.90,34.00,955.00,0
6.60,315.40,369.90,34.00,960.00,0
6.61,314.20,369.90,34.00,948.00,0
6.61,319.00,369.90,34.50,1068.00,0
6.61,330.10,369.90,34.25,1145.00,0
6.61,337.10,369.90,34.00,1070.00,0
6.62,338.40,369.90,34.00,985.00,0
6.62,363.70,369.90,34.75,946.00,0
6.62,433.20,369.90,35.00,961.00,0
6.62,446.60,369.90,34.25,990.00,0
6.63,444.90,369.90,34.50,1004.00,0
6.63,449.10,369.90,34.25,991.00,0
6.63,468.30,369.90,33.75,1043.00,0
6.63,461.20,369.90,34.25,999.00,0
6.63,466.50,369.90,34.00,848.00,0
6.63,456.00,369.90,33.75,880.00,0
6.63,446.60,369.90,33.50,2440.00,1
6.64,455.20,369.90,34.25,4962.00,1
6.63,438.20,369.90,34.00,4048.00,1
6.63,426.70,369.90,34.25,4312.00,1
6.63,406.10,369.90,34.25,4209.00,1
6.64,394.00,369.90,34.50,3419.00,1
6.64,444.10,369.90,34.25,5003.00,1
6.64,437.40,369.90,34.25,6085.00,1
6.63,416.30,369.90,34.25,5795.00,1
6.61,413.20,369.90,33.50,3887.00,1
6.60,430.10,369.90,32.50,5238.00,1
6.60,412.50,369.90,32.75,5385.00,1
6.60,387.40,369.90,32.50,4561.00,1
6.52,315.90,369.90,31.25,1127.00,0
6.52,308.10,369.90,31.75,945.00,0
6.52,309.90,369.90,31.75,832.00,0
6.52,305.80,369.90,31.75,716.00,0
6.52,298.80,369.90,31.75,603.00,0
6.52,290.30,369.90,31.75,521.00,0
6.52,282.70,369.90,31.75,433.00,0
6.52,278.90,369.90,31.75,392.00,0
6.52,273.60,369.90,31.75,370.00,0
6.52,268.40,369.90,31.75,363.00,0
6.52,264.80,369.90,31.75,361.00,0
6.51,260.80,369.90,31.75,360.00,0
6.52,255.80,369.90,31.75,359.00,0
6.52,251.90,369.90,31.25,358.00,0
6.51,249.00,369.90,31.50,359.00,0
6.51,247.10,369.90,31.50,359.00,0
6.51,246.20,369.90,31.25,359.00,0
6.51,244.30,369.90,31.50,359.00,0
6.64,265.30,369.90,32.75,668.00,0
6.62,428.90,369.90,34.25,1078.00,0
6.66,850.60,369.90,34.75,1005.00,0
6.66,839.00,369.90,34.50,1134.00,0
6.66,848.20,369.90,34.25,1127.00,0
6.65,869.30,369.90,33.75,1521.00,1
6.65,779.20,369.90,34.00,1652.00,1
6.65,688.00,369.90,34.00,1591.00,1
6.66,597.30,369.90,34.00,1490.00,1
6.67,533.70,369.90,33.75,1452.00,1
6.67,487.00,369.90,34.25,1444.00,1
6.67,448.60,369.90,34.25,1261.00,1
6.67,419.70,369.90,34.25,1410.00,1
6.68,410.20,369.90,34.00,1549.00,1
6.68,515.50,369.90,34.50,1553.00,1
6.69,548.90,369.90,34.50,1549.00,1
6.69,538.50,369.90,34.50,1457.00,1
6.69,537.40,369.90,34.50,1484.00,1
6.70,529.30,369.90,34.75,1497.00,1
6.70,516.30,369.90,34.50,1708.00,1
6.70,504.60,369.90,34.75,1593.00,1
6.70,494.10,369.90,34.25,2124.00,1
6.71,564.50,369.90,34.50,2064.00,1
6.71,610.20,369.90,34.50,1972.00,1
6.70,668.70,369.90,34.75,1629.00,1
6.70,686.70,369.90,34.75,1537.00,1
6.69,663.60,369.90,34.75,1302.00,1
6.68,620.70,369.90,34.25,1084.00,0
6.68,579.60,369.90,34.75,1088.00,0
6.69,555.80,369.90,34.75,1059.00,0
6.68,539.20,369.90,34.75,1006.00,0
6.69,536.00,369.90,34.75,985.00,0
6.69,534.00,369.90,34.75,958.00,0
6.69,525.90,369.90,34.75,962.00,0
6.68,499.60,369.90,34.50,1003.00,0
6.68,462.20,369.90,34.75,1018.00,0
6.67,429.10,369.90,34.50,1028.00,0
6.68,411.60,369.90,34.50,1067.00,0
6.68,404.60,369.90,34.75,1024.00,0
6.68,421.00,369.90,34.75,961.00,0
6.69,411.60,369.90,34.50,994.00,0
6.69,397.70,369.90,34.50,1031.00,0
6.69,393.20,369.90,34.50,1013.00,0
6.69,384.30,369.90,34.50,998.00,0
6.69,387.30,369.90,34.00,980.00,0
6.69,388.80,369.90,34.25,955.00,0
6.69,409.20,369.90,34.50,978.00,0
6.69,406.90,369.90,34.75,1041.00,0
6.68,415.50,369.90,34.75,1004.00,0
6.68,407.70,369.90,34.75,990.00,0
6.68,398.50,369.90,34.50,1013.00,0
6.68,380.70,369.90,34.50,1044.00,0
6.69,373.60,369.90,34.75,1037.00,0
6.68,377.80,369.90,34.75,1058.00,0
6.68,373.60,369.90,34.75,1049.00,0
6.69,365.10,369.90,34.75,989.00,0
6.69,365.10,369.90,34.75,988.00,0
6.69,377.80,369.90,34.75,1013.00,0
6.69,385.10,369.90,34.75,1024.00,0
6.68,400.80,369.90,34.50,1039.00,0
6.68,408.40,369.90,34.50,1047.00,0
6.68,480.90,369.90,34.75,1005.00,0
6.67,495.80,369.90,34.50,939.00,0
6.67,475.50,369.90,34.25,964.00,0
6.67,456.00,369.90,34.25,991.00,0
6.68,460.30,369.90,35.00,1000.00,0
6.67,465.60,369.90,34.75,983.00,0
6.67,465.60,369.90,34.75,963.00,0
6.67,458.60,369.90,34.75,1000.00,0
6.67,429.90,369.90,34.75,992.00,0
6.67,431.50,369.90,34.75,966.00,0
6.68,438.10,369.90,35.00,1019.00,0
6.68,449.90,369.90,35.00,1009.00,0
6.68,449.90,369.90,35.00,974.00,0
6.68,449.90,369.90,34.50,991.00,0
6.67,431.50,369.90,34.75,992.00,0
6.67,412.30,369.90,34.50,999.00,0
6.68,393.90,369.90,34.50,988.00,0
6.68,376.40,369.90,34.25,979.00,0
6.68,371.40,369.90,34.50,974.00,0
6.68,396.20,369.90,34.50,959.00,0
6.69,405.30,369.90,34.50,973.00,0
6.68,394.70,369.90,34.25,986.00,0
6.69,384.30,369.90,34.25,1010.00,0
6.69,384.30,369.90,34.25,1005.00,0
6.68,376.40,369.90,34.50,988.00,0
6.68,363.00,369.90,34.50,999.00,0
6.69,356.90,369.90,34.50,1009.00,0
6.70,354.20,369.90,34.50,1030.00,0
6.70,350.20,369.90,34.25,1048.00,0
6.69,354.20,369.90,34.25,1064.00,0
6.70,367.90,369.90,34.50,1027.00,0
6.70,370.70,369.90,34.00,1001.00,0
6.69,367.90,369.90,34.00,1056.00,0
6.69,362.40,369.90,34.50,1079.00,0
6.70,363.70,369.90,34.50,1093.00,0
6.70,397.80,369.90,34.50,1062.00,0
6.70,391.80,369.90,34.00,1094.00,0
6.70,377.10,369.90,34.50,1137.00,0
6.69,361.70,369.90,34.25,1096.00,0
6.70,348.20,369.90,34.00,1057.00,0
6.69,336.50,369.90,34.50,1030.00,0
6.70,332.60,369.90,34.50,1032.00,0
6.70,366.50,369.90,34.25,1030.00,0
6.70,380.00,369.90,34.25,1054.00,0
6.70,365.10,369.90,34.50,1072.00,0
6.67,434.10,369.90,34.50,1063.00,0
6.67,434.10,369.90,34.25,1025.00,0
6.68,419.50,369.90,34.50,1079.00,0
6.68,411.60,369.90,33.75,1095.00,0
6.69,396.20,369.90,34.50,1096.00,0
6.69,377.10,369.90,34.00,1057.00,0
6.69,361.70,369.90,34.25,1077.00,0
6.69,353.50,369.90,34.50,1102.00,0
6.69,349.50,369.90,34.50,1115.00,0
6.69,344.20,369.90,34.25,1159.00,0
6.69,341.60,369.90,34.25,1171.00,0
6.69,344.20,378.05,34.00,1240.00,0
6.67,403.90,369.90,34.50,1212.00,0
6.69,430.80,369.90,34.75,1061.00,0
6.69,416.30,369.90,34.75,1122.00,0
6.68,400.80,369.90,34.25,1153.00,0
6.69,382.90,369.90,33.75,1155.00,0
6.68,366.50,369.90,34.25,1175.00,0
6.67,356.20,369.90,33.75,1206.00,1
6.67,352.20,369.90,34.50,1196.00,1
6.67,349.50,369.90,34.00,1151.00,1
6.68,360.30,369.90,34.50,1232.00,1
6.70,345.50,369.90,34.50,1162.00,1
6.70,340.30,369.90,34.50,1194.00,1
6.70,340.30,369.90,34.25,1207.00,1
6.70,348.20,369.90,34.00,1168.00,1
6.70,352.20,369.90,34.50,1110.00,1
6.70,365.80,369.90,34.50,1086.00,1
6.70,357.60,369.90,34.50,1088.00,1
6.70,348.80,369.90,34.50,1126.00,1
6.70,347.50,369.90,34.25,1153.00,1
6.70,351.50,369.90,34.25,1190.00,1
6.70,363.70,369.90,34.50,1158.00,1
6.70,355.50,369.90,34.75,1154.00,1
6.70,356.90,369.90,34.25,1135.00,1
6.70,348.80,369.90,34.75,1138.00,1
6.70,342.30,369.90,34.50,1179.00,1
6.70,341.00,369.90,34.50,1207.00,1
6.70,348.80,369.90,34.25,1189.00,1
6.70,351.50,369.90,34.00,1190.00,1
6.70,361.00,369.90,34.75,1246.00,1
6.70,359.60,369.90,34.50,1193.00,1
6.70,359.60,369.90,34.75,1152.00,1
6.70,359.60,369.90,34.75,1129.00,1
6.70,355.50,369.90,34.25,1157.00,1
6.69,341.00,369.90,34.50,1197.00,1
6.70,327.00,369.90,34.50,1233.00,1
6.70,325.80,369.90,34.50,1265.00,1
6.70,348.80,369.90,34.50,1249.00,1
6.70,358.30,369.90,34.50,1190.00,1
6.70,351.50,369.90,34.50,1146.00,1
6.70,339.70,369.90,34.50,1158.00,1
6.70,329.50,369.90,34.00,1233.00,1
6.70,327.00,369.90,34.00,1252.00,1
6.70,323.30,369.90,34.50,1187.00,1
6.71,325.80,369.90,34.50,1169.00,1
6.71,324.50,369.90,34.50,1207.00,1
6.70,332.00,369.90,34.75,1185.00,1
6.71,330.80,369.90,34.50,1174.00,1
6.71,328.20,369.90,34.50,1170.00,1
6.71,325.80,369.90,34.50,1168.00,1
6.71,317.20,369.90,34.25,1156.00,1
6.70,308.90,369.90,34.25,1181.00,1
6.71,306.50,369.90,34.25,1166.00,1
6.71,297.30,369.90,34.50,1201.00,1
6.71,292.80,369.90,34.50,1185.00,1
6.70,301.90,369.90,34.50,1181.00,1
6.70,299.60,369.90,34.00,1156.00,1
6.70,291.70,369.90,34.25,1163.00,1
6.70,287.30,369.90,34.75,1187.00,1
6.70,283.00,369.90,34.75,1149.00,1
6.71,279.70,369.90,34.75,1165.00,1
6.71,327.00,369.90,34.50,1128.00,1
6.71,333.30,654.24,34.50,1045.00,1
6.71,332.00,666.40,34.50,1108.00,1
6.71,323.30,644.91,34.50,1202.00,1
6.71,314.80,644.09,34.25,1248.00,1
6.71,306.50,688.19,34.50,1235.00,1
6.71,303.00,711.89,34.25,1227.00,1
6.72,299.60,737.86,34.50,1205.00,1
6.71,299.60,749.39,34.25,1212.00,1
6.71,301.90,772.78,34.00,1226.00,1
6.71,304.20,739.45,34.00,1250.00,1
6.71,299.60,660.33,34.25,1286.00,1
6.70,295.10,694.23,34.50,1215.00,1
6.71,286.20,721.10,34.50,1245.00,1
6.70,281.90,697.45,34.00,1298.00,1
6.70,282.40,714.29,34.25,1297.00,1
6.70,280.30,752.57,34.50,1327.00,1
6.68,330.80,369.90,34.75,1212.00,1
6.68,335.20,1212.68,34.00,1385.00,1
6.67,295.60,1168.14,33.00,814.00,0
6.65,298.40,593.01,32.00,859.00,0
6.63,346.20,1086.22,31.25,652.00,0
6.60,337.10,1099.75,30.75,372.00,0
6.58,331.40,966.41,30.00,391.00,0
6.58,325.70,804.68,29.75,400.00,0
6.63,175.30,751.38,29.25,390.00,0
6.63,174.60,743.03,29.50,391.00,0
6.63,174.20,966.03,29.75,388.00,0
6.57,335.20,957.71,29.75,414.00,0
6.57,323.20,944.82,29.50,587.00,0
6.63,174.60,714.70,29.00,390.00,0
6.63,174.20,952.79,29.50,391.00,0
6.63,172.80,771.99,29.75,387.00,0
6.63,172.20,822.30,29.50,391.00,0
6.63,172.80,790.53,29.75,389.00,0
6.63,179.70,981.49,30.00,446.00,0
6.62,208.70,1379.99,30.25,563.00,0
6.67,330.60,369.90,34.00,795.00,0
6.69,369.70,369.90,33.75,1107.00,0
6.65,341.60,369.90,34.00,1018.00,0
6.64,364.70,369.90,34.00,970.00,0
6.66,369.60,369.90,34.25,947.00,0
6.67,345.60,369.90,34.25,939.00,0
6.67,309.20,369.90,33.75,1017.00,0
6.67,310.40,369.90,34.00,1067.00,0
6.68,315.20,369.90,34.25,1236.00,1
6.70,356.30,369.90,34.25,1357.00,1
6.69,373.00,369.90,34.50,1487.00,1
6.69,356.30,369.90,34.50,1601.00,1
6.69,343.60,369.90,34.50,1503.00,1
6.69,337.70,369.90,34.50,1294.00,1
6.70,331.40,369.90,34.50,1050.00,0
6.69,329.50,369.90,34.25,936.00,0
6.69,306.40,369.90,34.25,941.00,0
6.69,310.60,369.90,34.25,935.00,0
6.68,314.70,369.90,34.25,973.00,0
6.69,299.50,369.90,34.25,938.00,0
6.69,282.30,369.90,34.00,935.00,0
6.69,317.80,369.90,34.25,949.00,0
6.68,341.60,369.90,34.25,887.00,0
6.69,335.20,369.90,34.00,903.00,0
6.70,306.50,369.90,34.00,941.00,0
6.69,301.80,369.90,34.25,993.00,0
6.69,296.10,369.90,34.25,946.00,0
6.69,289.40,369.90,34.25,970.00,0
6.69,281.80,369.90,33.50,1004.00,0
6.70,268.20,369.90,34.25,1055.00,0
6.70,258.10,369.90,34.25,1123.00,1
6.70,245.20,369.90,34.25,1129.00,1
6.69,273.90,369.90,33.50,1144.00,1
6.67,340.30,369.90,34.25,1067.00,1
6.68,331.40,369.90,34.00,1185.00,1
6.70,314.20,369.90,34.25,1230.00,1
6.69,301.30,369.90,33.75,1206.00,1
6.70,296.70,369.90,34.25,1178.00,1
6.70,291.10,369.90,34.25,1169.00,1
6.70,280.20,369.90,34.25,1132.00,1
6.68,272.80,382.76,34.25,1052.00,1
6.69,330.10,369.90,33.75,1038.00,1
6.67,311.80,369.90,34.00,1092.00,1
6.69,297.80,369.90,34.00,1106.00,1
6.67,287.20,369.90,34.00,1123.00,1
6.69,277.50,388.76,34.25,1118.00,1
6.68,276.50,423.73,34.00,1109.00,1
6.69,266.10,425.01,33.75,1136.00,1
6.67,256.20,440.71,34.25,1144.00,1
6.68,253.20,493.39,34.25,1136.00,1
6.67,263.10,548.01,34.00,1257.00,1
6.70,270.20,607.78,34.25,1436.00,1
6.68,273.30,514.31,34.25,1374.00,1
6.70,272.30,677.71,34.50,1387.00,1
6.70,286.10,723.89,34.50,1427.00,1
6.70,308.80,723.10,34.00,1403.00,1
6.70,308.20,786.59,33.75,1343.00,1
6.70,336.50,740.64,34.25,1209.00,1
6.68,327.60,846.47,34.25,1115.00,1
6.66,314.20,874.36,33.75,1104.00,1
6.68,303.60,902.84,34.00,1125.00,1
6.67,295.60,880.92,34.25,1220.00,1
6.68,285.60,984.87,34.25,1151.00,1
6.68,277.00,919.30,34.00,1152.00,1
6.67,272.80,943.30,34.25,1134.00,1
6.67,267.70,942.92,34.25,1131.00,1
6.68,266.70,988.63,34.25,1141.00,1
6.67,276.00,1022.67,34.25,1134.00,1
6.67,288.90,1014.84,34.00,1100.00,1
6.66,310.60,1073.37,34.00,1108.00,1
6.68,339.00,1188.16,34.25,1124.00,1
6.67,311.80,1095.37,34.25,1089.00,1
6.66,299.00,1121.23,34.25,1125.00,1
6.67,292.20,1121.23,34.00,1160.00,1
6.67,290.00,1150.89,34.00,1178.00,1
6.67,281.30,1184.95,34.00,1239.00,1
6.67,270.80,1216.58,34.00,1201.00,1
6.67,266.10,1231.40,34.00,1174.00,1
6.67,260.10,1249.68,34.00,1199.00,1
6.67,255.20,1295.29,34.00,1225.00,1
6.65,254.20,1262.27,34.25,1108.00,1
6.67,251.30,1406.19,34.00,1075.00,1
6.67,251.30,1358.34,34.25,1099.00,1
6.67,260.10,1389.09,34.25,1103.00,1
6.65,278.60,1455.31,34.00,1115.00,1
6.67,346.20,1512.72,34.25,1134.00,1
6.67,341.00,1538.78,34.00,1115.00,1
6.68,332.00,1557.62,34.00,1111.00,1
6.66,324.50,1594.30,34.25,1117.00,1
6.67,329.50,1620.56,34.25,1145.00,1
6.66,322.00,1637.94,34.00,1154.00,1
6.67,309.40,1636.08,34.00,1102.00,1
6.66,302.40,1655.82,34.25,1155.00,1
6.66,294.50,1672.97,34.25,1175.00,1
6.65,290.00,1686.67,33.75,1120.00,1
6.65,287.80,1688.79,34.00,1102.00,1
6.65,339.00,1793.15,34.25,1155.00,1
6.65,332.60,1799.84,34.00,1172.00,1
6.64,317.80,1852.96,34.00,1090.00,1
6.65,313.00,1895.98,32.75,1121.00,1
6.66,317.20,1910.69,33.25,1136.00,1
6.66,308.80,1923.93,34.00,1130.00,1
6.66,297.30,1978.50,34.25,1129.00,1
6.66,291.70,1986.79,34.00,1127.00,1
6.66,292.80,1942.28,34.00,1113.00,1
6.66,317.20,1977.70,34.25,1109.00,1
6.67,329.50,2033.48,34.00,1134.00,1
6.67,330.70,2031.13,34.25,1169.00,1
6.66,329.50,2077.79,34.00,1126.00,1
6.67,317.20,2108.85,34.00,1089.00,1
6.67,308.80,2123.81,34.25,1080.00,1
6.67,300.70,2135.93,34.00,1057.00,1
6.66,291.70,2157.25,34.00,1072.00,1
6.67,285.10,2172.28,34.00,1143.00,1
6.67,284.00,2181.18,34.00,1130.00,1
6.66,282.90,2107.85,34.00,1136.00,1
6.67,330.10,2164.29,33.75,1152.00,1
6.67,314.80,2188.13,33.75,1132.00,1
6.67,298.40,2204.77,34.00,1057.00,1
6.67,282.90,2245.63,34.00,1040.00,1
6.67,276.50,2230.81,33.75,1033.00,1
6.67,269.20,2238.47,33.75,1033.00,1
6.66,263.10,2267.13,33.75,1024.00,1
6.66,258.10,2267.13,34.00,1043.00,1
6.67,254.20,2308.55,34.00,1074.00,1
6.66,248.50,2295.25,33.75,1035.00,1
6.65,251.30,2320.64,34.00,1054.00,1
6.66,248.50,2317.35,34.00,1075.00,1
6.66,246.60,2338.24,34.00,1085.00,1
6.65,241.90,2341.90,33.75,1171.00,1
6.67,240.10,2351.77,33.75,1210.00,1
6.67,241.00,2403.48,34.00,1162.00,1
6.65,239.10,2362.41,34.00,1136.00,1
6.65,244.70,2357.10,33.75,1111.00,1
6.65,249.40,2407.98,33.75,1110.00,1
6.65,249.90,2390.50,33.75,1097.00,1
6.65,265.60,2398.55,34.00,1120.00,1
6.65,274.90,2406.15,34.00,1108.00,1
6.65,270.70,2425.02,34.00,1149.00,1
6.65,266.60,2446.56,33.75,1113.00,1
6.66,266.60,2464.97,34.00,1115.00,1
6.66,305.90,2524.06,34.00,1140.00,1
6.66,298.40,2495.98,34.00,1153.00,1
6.67,291.70,2495.98,34.00,1147.00,1
6.66,286.10,2426.43,34.00,1160.00,1
6.66,280.70,2492.39,34.25,1154.00,1
6.66,277.50,2499.18,34.00,1137.00,1
6.65,274.40,2497.87,34.00,1119.00,1
6.66,273.30,2491.26,34.00,1109.00,1
6.66,272.30,2499.37,34.00,1154.00,1
6.65,268.20,2513.93,34.00,1153.00,1
6.66,268.20,2513.93,34.00,1129.00,1
6.65,274.40,2524.98,33.75,1102.00,1
6.63,274.40,2564.24,34.00,1097.00,1
6.65,273.30,2552.23,34.25,1096.00,1
6.65,269.20,2552.76,33.75,1103.00,1
6.64,269.20,2557.55,33.75,1108.00,1
6.65,265.10,2561.60,33.25,1081.00,1
6.65,285.10,2568.09,34.00,1131.00,1
6.64,320.80,2594.75,34.00,1126.00,1
6.65,313.60,2616.62,34.25,1123.00,1
6.65,304.10,2613.98,34.00,1136.00,1
6.64,299.50,2621.71,34.25,1147.00,1
6.65,289.40,2681.79,34.25,1178.00,1
6.65,279.70,2649.32,33.75,1162.00,1
6.65,295.00,2666.29,33.75,1159.00,1
6.66,293.90,2673.17,34.25,1146.00,1
6.66,289.40,2683.59,34.25,1173.00,1
6.67,299.50,2713.12,34.25,1139.00,1
6.66,299.00,2714.98,34.25,1165.00,1
6.66,291.10,2704.50,34.00,1178.00,1
6.66,290.00,2717.39,34.00,1164.00,1
6.66,292.20,2753.56,34.25,1143.00,1
6.66,287.80,2712.84,34.25,1163.00,1
6.66,282.40,2707.97,34.00,1159.00,1
6.65,281.30,2720.36,32.75,1152.00,1
6.65,286.70,2769.45,34.25,1139.00,1
6.65,299.00,2757.25,34.25,1117.00,1
6.63,302.40,2758.70,34.00,1088.00,1
6.65,300.10,2777.96,34.00,1109.00,1
6.65,296.70,2776.57,34.25,1138.00,1
6.63,299.00,2790.60,34.25,1192.00,1
6.65,299.00,2797.99,34.25,1248.00,1
6.65,296.70,2804.07,34.00,1236.00,1
6.63,300.70,2808.30,34.25,1243.00,1
6.66,305.30,2787.66,34.00,1235.00,1
6.66,299.60,2795.10,34.25,1198.00,1
6.64,293.90,2803.48,33.75,1190.00,1
6.66,291.70,2801.46,33.75,1221.00,1
6.66,292.80,2806.90,34.25,1248.00,1
6.66,289.50,2805.96,34.25,1227.00,1
6.66,286.20,2787.04,33.75,1214.00,1
6.66,285.10,2746.36,34.25,1201.00,1
6.66,285.10,2732.34,34.25,1210.00,1
6.66,281.80,2739.60,34.25,1212.00,1
6.66,280.80,2747.30,33.25,1216.00,1
6.66,285.10,2735.92,33.75,1209.00,1
6.66,299.60,2758.96,34.25,1219.00,1
6.65,297.30,2767.01,34.25,1231.00,1
6.66,291.70,2775.43,34.25,1247.00,1
6.66,342.30,2872.40,34.25,1343.00,1
6.63,298.40,2865.70,33.75,1389.00,1
6.66,253.80,1014.09,33.50,1420.00,1
6.64,256.70,369.90,34.00,1462.00,1
6.64,260.60,369.90,34.00,1454.00,1
6.64,262.60,369.90,34.00,1437.00,1
6.64,255.70,369.90,34.00,1447.00,1
6.65,248.50,369.90,34.00,1457.00,1
6.65,245.60,369.90,34.00,1422.00,1
6.65,241.90,369.90,34.00,1428.00,1
6.65,240.10,369.90,34.00,1410.00,1
6.64,250.40,369.90,34.00,1437.00,1
6.66,258.10,369.90,34.25,1486.00,1
6.66,269.20,369.90,33.75,1488.00,1
6.65,274.90,369.90,34.00,1472.00,1
6.66,276.00,369.90,33.25,1461.00,1
6.65,278.10,369.90,34.25,1398.00,1
6.66,278.10,369.90,34.25,1394.00,1
6.66,279.20,369.90,34.25,1434.00,1
6.65,293.30,369.90,33.25,1435.00,1
6.66,300.10,369.90,34.25,1478.00,1
6.65,308.20,369.90,34.25,1446.00,1
6.66,301.30,369.90,33.75,1428.00,1
6.67,292.20,369.90,33.50,1403.00,1
6.66,282.40,369.90,34.00,1382.00,1
6.67,273.90,369.90,34.25,1442.00,1
6.67,270.80,369.90,33.75,1453.00,1
6.67,269.70,369.90,33.50,1477.00,1
6.66,274.90,369.90,34.00,1471.00,1
6.67,278.10,369.90,33.75,1476.00,1
6.67,278.10,369.90,34.00,1473.00,1
6.67,279.20,369.90,33.50,1483.00,1
6.66,273.90,369.90,33.50,1484.00,1
6.67,269.70,369.90,34.25,1474.00,1
6.67,266.70,369.90,34.00,1458.00,1
6.67,271.30,369.90,34.00,1465.00,1
6.67,270.20,369.90,34.00,1448.00,1
6.67,268.20,369.90,34.00,1435.00,1
6.67,264.10,369.90,34.00,1441.00,1
6.67,260.10,369.90,34.00,1450.00,1
6.67,256.20,369.90,34.00,1421.00,1
6.65,252.30,369.90,33.75,1366.00,1
6.67,249.40,369.90,34.25,1366.00,1
6.65,247.50,369.90,34.00,1349.00,1
6.67,246.60,369.90,34.25,1392.00,1
6.67,245.60,369.90,34.00,1423.00,1
6.67,246.60,369.90,34.00,1440.00,1
6.67,247.50,369.90,34.00,1445.00,1
6.67,312.40,369.90,33.75,1571.00,1
6.67,308.80,369.90,33.75,1697.00,1
6.67,308.80,369.90,34.00,1680.00,1
6.68,299.50,369.90,34.00,1749.00,1
6.67,292.80,369.90,34.00,1809.00,1
6.68,285.10,369.90,33.75,1875.00,1
6.68,278.60,369.90,33.75,1908.00,1
6.67,272.30,369.90,34.00,1905.00,1
6.68,266.10,369.90,34.00,1887.00,1
6.67,263.10,369.90,33.75,1859.00,1
6.68,263.10,369.90,33.50,1795.00,1
6.67,259.10,369.90,34.00,1817.00,1
6.67,248.50,440.28,34.00,1785.00,1
6.67,241.00,369.90,33.75,1805.00,1
6.68,233.70,409.69,33.75,1753.00,1
6.68,235.50,413.09,34.00,1775.00,1
6.67,243.80,427.98,34.00,1861.00,1
6.67,244.70,402.86,34.00,1867.00,1
6.66,242.80,469.43,34.00,1805.00,1
6.67,244.70,526.82,34.00,1875.00,1
6.67,253.20,541.37,34.00,1820.00,1
6.67,259.10,652.22,34.00,1738.00,1
6.67,259.10,651.40,34.25,1724.00,1
6.66,269.20,771.20,34.00,1938.00,1
6.68,281.80,795.64,34.00,2189.00,1
6.66,285.10,908.97,34.25,2143.00,1
6.67,282.90,897.08,34.25,2143.00,1
6.67,278.60,840.63,34.00,2126.00,1
6.67,275.40,869.34,34.00,2120.00,1
6.67,275.40,932.27,34.25,2042.00,1
6.65,272.30,952.79,34.00,1882.00,1
6.67,281.80,1032.72,34.00,1889.00,1
6.66,275.40,903.61,33.75,1801.00,1
6.67,252.30,897.85,33.75,1726.00,1
6.66,236.40,933.79,34.00,1738.00,1
6.66,231.00,977.72,33.75,1726.00,1
6.66,226.70,1014.47,34.00,1790.00,1
6.63,220.70,1133.56,33.75,1817.00,1
6.65,224.10,1053.83,33.75,1805.00,1
6.64,217.70,921.59,33.75,1865.00,1
6.65,219.40,869.34,33.50,1885.00,1
6.65,224.50,928.46,33.75,1851.00,1
6.65,221.90,963.01,33.75,1871.00,1
6.65,224.50,1001.76,33.75,1876.00,1
6.65,207.50,1104.86,33.75,1862.00,1
6.64,205.10,1229.99,33.75,1851.00,1
6.64,209.90,1066.75,33.75,1896.00,1
6.63,202.80,1085.12,33.75,1979.00,1
6.63,203.60,1189.95,33.75,2011.00,1
6.63,202.00,1163.83,33.50,2072.00,1
6.64,199.70,1148.73,33.75,1878.00,1
6.64,195.50,1154.85,33.75,1907.00,1
6.62,193.20,1130.66,34.00,1898.00,1
6.65,199.30,1155.57,34.00,1875.00,1
6.65,205.50,1274.47,33.75,1875.00,1
6.64,212.70,1269.25,33.75,1882.00,1
6.65,212.30,1299.09,34.00,1897.00,1
6.65,214.80,1330.04,34.00,1917.00,1
6.65,216.40,1354.94,34.00,1945.00,1
6.65,218.90,1368.51,33.75,1942.00,1
6.65,216.40,1471.07,34.00,1958.00,1
6.65,214.00,1399.83,34.00,1968.00,1
6.65,213.10,1420.87,34.00,2008.00,1
6.65,218.90,1428.19,33.75,2041.00,1
6.65,221.50,1438.80,33.75,2067.00,1
6.65,219.80,1460.90,34.00,2050.00,1
6.63,218.90,1480.56,33.75,2047.00,1
6.65,217.30,1480.23,33.50,2066.00,1
6.64,214.80,1482.19,33.75,2059.00,1
6.65,214.00,1493.60,33.75,2092.00,1
6.64,217.30,1526.26,34.00,2099.00,1
6.64,214.80,1530.76,33.50,2106.00,1
6.64,216.40,1550.29,33.50,2144.00,1
6.64,217.30,1456.30,34.00,2162.00,1
6.64,218.90,1591.78,33.75,2179.00,1
6.65,224.00,1640.10,33.50,2193.00,1
6.65,224.90,1618.70,33.50,2208.00,1
6.64,224.00,1672.36,33.75,2219.00,1
6.64,224.90,1643.50,33.75,2238.00,1
6.64,223.20,1655.51,34.00,2258.00,1
6.65,220.60,1675.71,34.00,2268.00,1
6.65,219.80,1702.41,33.75,2277.00,1
6.65,221.50,1699.70,33.75,2292.00,1
6.65,217.30,1712.66,34.00,2316.00,1
6.66,214.80,1715.96,34.00,2322.00,1
6.65,211.50,1711.15,33.75,2336.00,1
6.66,213.10,1737.20,33.75,2342.00,1
6.66,212.30,1762.39,33.75,2364.00,1
6.66,210.70,1768.86,33.75,2378.00,1
6.66,211.50,1784.69,33.75,2403.00,1
6.66,212.30,1800.42,33.75,2412.00,1
6.66,211.50,1791.69,33.75,2450.00,1
6.66,229.20,1904.04,33.75,2419.00,1
6.65,205.90,2028.26,33.75,2404.00,1
6.65,198.90,2024.07,33.75,2492.00,1
6.65,186.40,2043.62,33.75,2510.00,1
6.65,178.60,2047.50,33.50,2522.00,1
6.65,177.30,2077.54,33.50,2517.00,1
6.65,175.90,2107.60,32.00,2529.00,1
6.65,173.90,2066.04,33.50,2486.00,1
6.65,173.90,2060.40,34.00,2512.00,1
6.64,174.60,2080.34,33.75,2525.00,1
6.64,171.90,2076.52,33.50,2514.00,1
6.65,169.30,2084.40,33.75,2434.00,1
6.65,169.90,2104.84,33.75,2383.00,1
6.65,168.00,2159.92,34.00,2353.00,1
6.65,167.30,2180.70,33.75,2395.00,1
6.65,164.80,2110.35,34.00,2411.00,1
6.65,162.30,2132.48,33.75,2394.00,1
6.65,160.40,2159.44,34.00,2383.00,1
6.65,159.20,2136.92,34.00,2418.00,1
6.64,157.30,2143.31,33.75,2407.00,1
6.65,157.90,2151.64,34.00,2406.00,1
6.65,161.60,2165.50,34.00,2425.00,1
6.65,166.00,2174.93,34.00,2447.00,1
6.65,180.70,2221.01,34.00,2458.00,1
6.65,186.00,2196.71,34.00,2468.00,1
6.65,185.30,2201.69,34.00,2452.00,1
6.65,183.90,2205.48,34.00,2470.00,1
6.64,181.80,2219.60,33.50,2473.00,1
6.65,180.40,2241.24,33.75,2493.00,1
6.64,176.30,2289.00,34.00,2479.00,1
6.65,172.90,2247.24,34.00,2480.00,1
6.65,174.30,2242.17,34.00,2528.00,1
6.65,173.60,2263.27,33.75,2518.00,1
6.63,171.00,2279.80,33.75,2504.00,1
6.65,167.10,2276.19,34.00,2532.00,1
6.65,165.10,2275.06,34.00,2519.00,1
6.65,165.10,2274.61,34.00,2526.00,1
6.64,165.80,2305.24,34.00,2548.00,1
6.65,166.40,2283.40,34.00,2534.00,1
6.64,171.60,2282.95,34.00,2544.00,1
6.63,176.30,2280.02,33.75,2549.00,1
6.65,179.00,2255.28,33.75,2569.00,1
6.63,193.30,2268.27,34.00,2599.00,1
6.65,201.60,2299.26,34.00,2615.00,1
6.65,205.60,2271.67,34.00,2616.00,1
6.65,207.50,2281.15,33.75,2636.00,1
6.65,212.00,2338.02,33.75,2662.00,1
6.65,210.30,2318.01,34.00,2702.00,1
6.65,207.10,2312.30,34.00,2713.00,1
6.64,205.90,2314.28,34.00,2721.00,1
6.65,209.90,2335.43,33.75,2726.00,1
6.65,209.10,2342.55,34.00,2728.00,1
6.65,208.30,2388.01,34.00,2733.00,1
6.65,208.30,2355.61,33.50,2693.00,1
6.65,208.30,2368.54,33.75,2725.00,1
6.65,208.30,2363.47,33.75,2742.00,1
6.65,209.10,2377.16,34.00,2756.00,1
6.63,217.30,2392.98,33.75,2790.00,1
6.65,218.10,2446.36,33.75,2801.00,1
6.64,218.10,2437.44,33.75,2792.00,1
6.65,211.50,2430.84,33.75,2787.00,1
6.65,207.50,2440.62,33.75,2806.00,1
6.64,210.70,2422.60,33.75,2819.00,1
6.65,209.10,2438.03,33.50,2811.00,1
6.65,209.10,2465.56,34.00,2813.00,1
6.65,208.30,2448.73,33.75,2821.00,1
6.65,206.70,2452.67,34.00,2821.00,1
6.63,205.10,2457.57,33.50,2841.00,1
6.64,226.60,2473.29,33.50,2866.00,1
6.63,225.70,2496.55,33.75,2904.00,1
6.64,220.60,2512.26,34.00,2949.00,1
6.63,214.00,2550.09,33.50,2974.00,1
6.64,223.20,2538.79,33.50,2997.00,1
6.62,218.90,2594.41,33.75,3058.00,1
6.63,209.10,2618.10,33.75,3167.00,1
6.62,195.10,2622.69,33.75,3237.00,1
6.64,188.50,2616.29,34.00,3306.00,1
6.64,190.00,2629.52,33.75,3290.00,1
6.62,192.20,2632.26,34.00,3246.00,1
6.64,192.20,2639.65,34.00,3249.00,1
6.64,194.40,2652.00,34.00,3219.00,1
6.64,198.20,2696.92,33.75,3217.00,1
6.65,202.80,2667.83,33.50,3225.00,1
6.64,211.50,2674.84,34.00,3223.00,1
6.64,222.30,2690.29,33.75,3212.00,1
6.64,231.90,2710.69,34.00,3300.00,1
6.65,225.70,2711.12,33.75,3360.00,1
6.64,220.60,2729.99,33.75,3377.00,1
6.65,220.60,2731.93,33.75,3379.00,1
6.65,218.90,2752.63,33.50,3419.00,1
6.65,216.40,2767.27,33.75,3439.00,1
6.63,225.70,2811.68,33.75,3453.00,1
6.65,224.90,2783.83,34.00,3522.00,1
6.65,223.20,2796.79,32.50,3547.00,1
6.65,209.90,2812.49,33.50,3635.00,1
6.65,203.60,2823.33,33.75,3634.00,1
6.65,198.20,2834.73,33.75,3612.00,1
6.65,193.70,2831.01,33.75,3615.00,1
6.64,201.20,2829.79,33.50,3496.00,1
6.64,206.70,2837.00,33.50,3054.00,1
6.64,204.70,2849.31,33.75,3087.00,1
6.65,207.10,2869.99,33.75,3223.00,1
6.64,209.50,2861.34,33.25,3253.00,1
6.64,205.50,2869.51,33.25,3298.00,1
6.64,202.40,2870.09,33.75,3335.00,1
6.65,193.20,2877.53,33.25,3342.00,1
6.64,188.10,2908.14,33.75,3350.00,1
6.64,180.30,2917.71,33.75,3319.00,1
6.64,191.00,1044.22,33.75,2596.00,1
6.64,201.60,1032.72,33.75,1555.00,1
6.65,200.80,1051.25,33.75,1557.00,1
6.65,191.00,1062.32,33.75,1494.00,1
6.65,187.40,1067.85,33.50,1493.00,1
6.65,188.10,1064.54,33.75,1501.00,1
6.65,191.00,1079.62,33.75,1493.00,1
6.65,191.00,1092.81,33.75,1490.00,1
6.65,197.00,1112.15,33.50,1505.00,1
6.65,197.70,1100.12,33.75,1471.00,1
6.65,200.80,1144.04,33.75,1464.00,1
6.64,203.90,1158.09,33.75,1480.00,1
6.65,202.40,1163.83,33.75,1480.00,1
6.66,202.40,1157.01,33.25,1490.00,1
6.65,200.80,1182.45,33.75,1500.00,1
6.66,208.70,1173.51,33.00,1475.00,1
6.66,206.30,1175.30,32.50,1475.00,1
6.66,203.90,1184.24,33.00,1474.00,1
6.66,202.40,1686.37,33.75,1483.00,1
6.65,200.80,1190.66,33.75,1507.00,1
6.64,200.00,1194.93,33.75,1534.00,1
6.65,197.70,1229.99,33.00,1553.00,1
6.65,197.70,1221.88,33.75,1555.00,1
6.65,207.90,1848.69,33.25,1572.00,1
6.63,191.80,1758.84,33.75,1617.00,1
6.64,186.00,1778.84,33.75,1652.00,1
6.62,180.30,1786.15,33.75,1673.00,1
6.64,176.20,1784.69,33.75,1692.00,1
6.65,172.90,1812.87,33.75,1698.00,1
6.64,170.20,1785.57,33.75,1700.00,1
6.64,166.30,1805.35,33.50,1703.00,1
6.64,165.70,1794.02,33.50,1708.00,1
6.64,161.30,1784.69,33.75,1710.00,1
6.64,157.00,1803.61,33.25,1695.00,1
6.64,154.00,1809.40,33.75,1683.00,1
6.62,151.60,1810.85,33.50,1682.00,1
6.64,149.30,1819.50,33.75,1694.00,1
6.64,148.70,1838.15,33.75,1715.00,1
6.64,148.70,1823.24,33.75,1709.00,1
6.64,152.80,1805.93,33.50,1696.00,1
6.62,157.00,1819.50,33.25,1719.00,1
6.64,168.90,1827.84,33.25,1730.00,1
6.62,171.50,1819.79,33.75,1716.00,1
6.64,170.90,1874.15,33.75,1732.00,1
6.63,175.50,1856.08,33.75,1723.00,1
6.62,182.40,1833.86,33.75,1746.00,1
6.62,193.20,1865.13,33.75,1745.00,1
6.62,188.80,1749.08,33.25,1746.00,1
6.62,187.40,1852.67,33.50,1775.00,1
6.62,186.00,1885.65,33.75,1797.00,1
6.61,185.20,1879.21,33.75,1801.00,1
6.63,182.40,1892.92,33.75,1796.00,1
6.61,180.30,1871.62,33.50,1791.00,1
6.62,179.60,1882.01,33.50,1801.00,1
6.62,178.30,1899.60,33.75,1792.00,1
6.62,177.60,1962.09,33.75,1811.00,1
6.62,180.30,1904.88,33.25,1830.00,1
6.63,181.70,1899.88,33.50,1839.00,1
6.63,180.30,1907.65,33.75,1848.00,1
6.62,184.80,1912.63,33.75,1885.00,1
6.62,190.60,1934.36,32.50,1930.00,1
6.62,195.80,1964.79,33.25,1938.00,1
6.62,197.30,1970.45,33.50,1951.00,1
6.63,195.80,1976.89,33.75,1983.00,1
6.62,192.10,1997.17,33.75,1999.00,1
6.62,188.40,1983.32,33.25,1997.00,1
6.63,187.00,1996.64,33.75,2002.00,1
6.63,184.80,2007.76,33.25,2007.00,1
6.63,182.00,2003.53,33.75,2002.00,1
6.63,182.00,2015.41,33.75,2025.00,1
6.63,189.20,2024.33,33.50,2079.00,1
6.63,188.40,2053.70,33.50,2129.00,1
6.63,184.10,2052.41,33.75,2157.00,1
6.63,181.30,2061.94,33.50,2158.00,1
6.63,182.70,2094.27,33.75,2144.00,1
6.63,180.60,2057.05,33.75,2178.00,1
6.63,177.20,2071.93,33.50,2191.00,1
6.62,174.50,2054.73,33.50,2185.00,1
6.63,171.20,2065.53,33.50,2210.00,1
6.62,167.90,2065.02,32.75,2226.00,1
6.64,167.90,2072.95,33.75,2209.00,1
6.63,166.60,2071.16,33.75,2223.00,1
6.63,174.50,2106.85,33.75,2222.00,1
6.63,173.10,2079.07,33.50,2404.00,1
6.63,172.50,2103.59,33.75,2770.00,1
6.63,172.50,2122.57,33.75,2544.00,1
6.61,171.80,2136.67,33.50,2525.00,1
6.63,166.60,2113.85,33.25,2556.00,1
6.63,161.50,2126.54,33.75,2572.00,1
6.64,157.80,2122.32,33.75,2538.00,1
6.63,155.40,2115.35,33.75,2559.00,1
6.62,153.60,2129.76,33.25,2606.00,1
6.63,159.70,2125.55,33.50,2559.00,1
6.62,159.10,2119.09,33.75,2574.00,1
6.63,161.50,2182.62,33.75,2573.00,1
6.63,165.30,2135.93,33.25,2586.00,1
6.63,171.20,2157.25,33.25,2588.00,1
6.62,169.20,2143.56,33.75,2580.00,1
6.62,167.90,2174.69,33.50,2613.00,1
6.62,166.00,2182.14,33.75,2636.00,1
6.61,164.10,2182.62,32.50,2636.00,1
6.63,162.80,2172.52,33.75,2636.00,1
6.62,162.20,2191.47,33.75,2628.00,1
6.62,161.50,2213.26,33.50,2620.00,1
6.62,160.90,2186.45,33.50,2641.00,1
6.61,159.70,2195.04,33.50,2653.00,1
6.62,172.50,2219.37,33.50,2639.00,1
6.61,175.80,2207.84,33.75,2676.00,1
6.62,171.80,2205.24,33.75,2673.00,1
6.62,169.20,2280.70,33.50,2630.00,1
6.62,166.60,2232.21,33.50,2613.00,1
6.62,165.30,2218.66,33.75,2627.00,1
6.62,164.70,2235.69,33.75,2627.00,1
6.62,164.10,2239.63,33.50,2621.00,1
6.62,164.70,2242.17,33.50,2630.00,1
6.62,169.20,2229.41,33.75,2637.00,1
6.62,174.50,2244.48,33.50,2639.00,1
6.62,173.10,2226.62,33.50,2647.00,1
6.62,179.20,2236.85,33.50,2673.00,1
6.62,179.20,2281.37,33.50,2721.00,1
6.62,177.20,2269.40,33.50,2766.00,1
6.62,177.90,2275.97,33.50,2790.00,1
6.61,174.50,2271.67,33.25,2813.00,1
6.62,173.10,2281.60,33.50,2829.00,1
6.62,169.80,2292.35,33.75,2785.00,1
6.63,166.60,2286.09,33.75,2792.00,1
6.62,164.10,2289.23,33.75,2799.00,1
6.62,160.90,2339.32,33.50,2822.00,1
6.62,160.30,2303.47,33.50,2826.00,1
6.62,159.10,2291.01,33.50,2839.00,1
6.62,157.20,2295.03,33.25,2801.00,1
6.62,156.00,2307.89,33.25,2798.00,1
6.62,156.00,2343.41,33.50,2767.00,1
6.60,163.40,2320.86,33.50,2785.00,1
6.62,171.80,2317.57,33.50,2783.00,1
6.62,172.50,2350.70,33.25,2828.00,1
6.61,171.80,2351.13,33.50,2860.00,1
6.62,169.80,2334.13,33.75,2874.00,1
6.61,167.90,2335.86,33.50,2866.00,1
6.61,166.60,2323.91,33.50,2873.00,1
6.60,167.20,2364.11,33.50,2902.00,1
6.60,166.60,2337.37,33.25,2931.00,1
6.61,167.20,2352.84,33.00,2954.00,1
6.61,168.50,2389.67,33.50,2968.00,1
6.62,167.90,2370.44,33.25,2974.00,1
6.61,166.00,2349.85,33.50,2988.00,1
6.61,164.70,2367.91,33.50,2985.00,1
6.62,165.30,2364.74,33.50,2988.00,1
6.62,165.30,2371.49,33.50,3026.00,1
6.60,172.80,2122.82,33.50,3002.00,1
6.61,172.10,2148.46,33.50,3103.00,0
6.61,168.20,2139.38,33.50,3170.00,0
6.59,164.30,2140.12,33.25,3174.00,0
6.62,161.80,2142.33,33.50,3186.00,0
6.61,158.70,2143.80,33.50,3183.00,0
6.59,156.90,2162.35,33.50,3165.00,0
6.61,155.40,2203.59,33.50,3173.00,0
6.61,156.00,2227.55,33.50,3222.00,0
6.61,153.60,2179.02,33.50,3229.00,0
6.61,151.90,2179.50,33.50,3237.00,0
6.61,151.90,2196.47,33.50,3244.00,0
6.61,151.90,2221.48,33.50,3303.00,0
6.61,154.80,2192.90,33.50,3319.00,0
6.61,153.60,2184.54,33.50,3314.00,0
6.60,151.90,2191.71,33.25,3331.00,0
6.61,150.10,2180.22,33.25,3336.00,0
6.61,151.30,2242.86,33.50,3331.00,0
6.60,153.00,2194.33,33.75,3306.00,0
6.61,155.40,2219.60,33.50,3308.00,0
6.60,154.20,2209.49,33.50,3343.00,0
6.61,153.00,2188.13,33.50,3375.00,0
6.60,156.60,2214.91,33.75,3356.00,0
6.60,158.50,2204.53,33.50,3357.00,0
6.61,160.30,2195.52,33.50,3370.00,0
6.61,158.50,2192.90,33.25,3343.00,0
6.61,158.10,2219.37,33.25,3334.00,0
6.61,156.30,2225.22,33.50,3326.00,0
6.60,153.90,2228.95,33.50,3325.00,0
6.61,151.50,2225.92,33.50,3319.00,0
6.61,149.80,2226.85,33.25,3331.00,0
6.60,148.10,2263.50,33.50,3376.00,0
6.61,148.60,2226.38,33.50,3385.00,0
6.61,151.50,2237.77,33.25,3400.00,0
6.61,152.10,2228.72,33.25,3414.00,0
6.61,153.30,2260.53,33.25,3422.00,0
6.61,152.10,2233.60,33.50,3410.00,0
6.61,149.20,2247.01,33.50,3422.00,0
6.60,149.80,2230.58,33.50,3451.00,0
6.60,150.40,2247.70,33.50,3501.00,0
6.60,148.60,2238.93,33.50,3362.00,0
6.60,146.40,2233.13,33.50,3326.00,0
6.60,145.20,2233.60,33.25,3384.00,0
6.60,143.60,2253.44,33.25,3369.00,0
6.58,141.90,2282.05,33.50,3420.00,0
6.60,140.30,2238.93,33.50,3475.00,0
6.60,138.60,2241.01,33.50,3483.00,0
6.57,137.00,2237.31,33.00,3474.00,0
6.60,135.50,2256.19,33.50,3579.00,0
6.59,134.40,2244.94,33.50,3565.00,0
6.57,134.40,2248.85,33.50,3600.00,0
6.59,140.30,2258.02,33.25,3566.00,0
6.59,141.30,2251.84,33.25,3555.00,0
6.58,144.70,2241.94,33.50,3570.00,0
6.58,143.60,2296.37,33.50,3616.00,0
6.58,143.00,2255.96,33.00,3633.00,0
6.57,141.30,2216.08,33.50,3657.00,0
6.58,139.70,2254.82,33.50,3686.00,0
6.58,138.10,2258.48,33.50,3712.00,0
6.58,136.00,2266.23,33.25,3697.00,0
6.58,134.10,2321.51,33.25,3702.00,0
6.58,133.10,2261.44,33.25,3672.00,0
6.58,131.00,2277.54,33.50,3671.00,0
6.57,130.50,2257.11,33.25,3676.00,0
6.58,130.00,2287.21,33.50,3659.00,0
6.58,129.50,2283.85,33.25,3625.00,0
6.57,138.30,2257.11,33.25,3627.00,0
6.57,142.70,2276.87,33.50,3624.00,0
6.57,142.10,2253.90,33.25,3643.00,0
6.57,145.50,2320.86,33.50,3639.00,0
6.55,147.70,2265.09,33.50,3671.00,0
6.57,147.20,2271.90,33.50,3679.00,0
6.57,145.50,2289.45,33.50,3699.00,0
6.55,144.30,2272.80,33.25,3670.00,0
6.56,147.20,2190.27,33.25,3759.00,0
6.56,147.20,2282.27,33.50,3872.00,0
6.56,146.60,2283.17,33.25,3735.00,0
6.56,145.50,2283.85,33.50,3658.00,0
6.56,143.20,2309.00,33.25,3708.00,0
6.56,140.50,2301.48,33.25,3742.00,0
6.55,139.40,2283.85,33.50,3745.00,0
6.55,137.30,2310.10,33.00,3720.00,0
6.55,135.70,2317.57,33.25,3715.00,0
6.55,133.60,2296.81,33.25,3736.00,0
6.55,131.70,2307.67,33.25,3736.00,0
6.55,131.70,2305.46,33.50,3712.00,0
6.55,131.00,2297.92,33.00,3716.00,0
6.54,134.10,2347.92,33.25,3724.00,0
6.55,141.80,2293.47,33.50,3748.00,0
6.54,140.20,2286.99,33.50,3777.00,0
6.52,142.90,2290.34,33.00,3781.00,0
6.54,144.00,2327.62,33.25,3779.00,0
6.53,142.90,2317.35,33.50,3817.00,0
6.52,140.70,2297.48,33.50,3809.00,0
6.53,140.20,2309.00,33.00,3827.00,0
6.53,139.60,2320.42,33.00,3819.00,0
6.53,138.00,2311.42,33.25,3825.00,0
6.53,136.40,2356.68,33.50,3816.00,0
6.53,134.80,2343.84,33.00,3809.00,0
6.54,133.30,2338.89,32.50,3830.00,0
6.53,132.80,2338.67,33.50,3828.00,0
6.53,132.80,2340.18,33.25,3869.00,0
6.53,131.70,2340.40,33.25,3909.00,0
6.52,130.70,2331.53,33.00,3881.00,0
6.52,131.20,2322.39,33.25,3885.00,0
6.52,132.80,2334.13,33.50,3932.00,0
6.52,132.20,2315.60,33.50,3888.00,0
6.52,132.20,2346.85,33.25,3900.00,0
6.52,132.20,2377.58,33.25,3932.00,0
6.52,130.70,2345.99,33.25,3936.00,0
6.52,129.70,2351.77,32.75,3914.00,0
6.52,128.70,2362.62,33.25,3909.00,0
6.52,129.20,2345.77,33.25,3911.00,0
6.52,130.70,2358.38,33.50,3937.00,0
6.51,129.20,2356.89,33.25,3921.00,0
6.52,127.20,2332.18,33.50,3928.00,0
6.51,132.80,2335.43,33.25,4039.00,0
6.52,130.70,2374.85,33.25,4065.00,0
6.51,128.20,2371.91,33.25,4084.00,0
6.51,126.70,2335.00,33.00,4083.00,0
6.52,127.70,2333.70,33.25,4079.00,0
6.51,128.70,2359.44,33.25,4089.00,0
6.51,127.20,2368.54,33.25,4073.00,0
6.51,126.20,2364.11,33.25,4078.00,0
6.51,125.30,2355.82,33.00,4069.00,0
6.51,124.30,2407.98,33.25,4079.00,0
6.51,124.30,2364.11,33.50,4078.00,0
6.51,124.30,2337.37,33.25,4045.00,0
6.52,123.80,2358.80,33.25,4043.00,0
6.51,122.40,2361.78,33.25,4075.00,0
6.51,122.80,2384.47,33.25,4072.00,0
6.51,122.80,2361.35,33.50,4063.00,0
6.50,121.90,2361.78,33.00,4073.00,0
6.49,120.00,2376.11,33.25,4094.00,0
6.50,119.10,2386.76,33.25,4100.00,0
6.50,118.20,2376.32,33.25,4084.00,0
6.50,120.00,2371.91,33.00,4096.00,0
6.50,122.40,2380.93,33.00,4110.00,0
6.50,122.80,2422.20,33.25,4104.00,0
6.50,123.80,2352.41,33.25,4109.00,0
6.50,123.30,2381.13,33.50,4094.00,0
6.48,122.40,2364.95,33.00,4088.00,0
6.50,121.40,2376.95,33.25,4094.00,0
6.49,120.50,2386.97,33.50,4085.00,0
6.49,119.10,2382.80,33.00,4084.00,0
6.50,118.60,2378.84,33.00,4098.00,0
6.49,119.10,2393.81,33.25,4100.00,0
6.48,119.50,2379.25,33.50,4112.00,0
6.49,121.90,2424.01,33.50,4119.00,0
6.48,125.70,2392.77,33.00,4142.00,0
6.47,125.30,2381.55,33.25,4136.00,0
6.48,124.30,2380.93,33.25,4140.00,0
6.48,122.40,2368.96,33.00,4128.00,0
6.49,121.40,2397.32,33.00,4152.00,0
6.48,120.90,2374.64,33.25,4152.00,0
6.49,120.90,2395.05,33.25,4131.00,0
6.48,125.30,2398.76,33.25,4140.00,0
6.47,125.30,2394.63,33.25,4147.00,0
6.48,123.60,2368.96,33.00,4140.00,0
6.48,128.70,2383.85,33.50,4152.00,0
6.47,129.20,2391.74,33.50,4190.00,0
6.45,128.20,2382.60,33.25,4154.00,0
6.47,128.20,2379.04,33.25,4146.00,0
6.48,126.20,2386.97,33.25,4183.00,0
6.45,123.80,2390.50,33.25,4191.00,0
6.45,124.80,2371.07,33.25,4189.00,0
6.45,124.80,2421.59,33.50,4197.00,0
6.45,123.80,2393.60,33.00,4207.00,0
6.45,122.80,2405.53,33.25,4209.00,0
6.45,121.40,2393.19,33.25,4206.00,0
6.46,126.20,2405.33,32.50,4226.00,0
6.45,128.70,2409.82,33.25,4222.00,0
6.45,128.20,2376.95,33.25,4207.00,0
6.46,126.70,2425.82,33.50,4212.00,0
6.45,125.30,2395.05,33.00,4278.00,0
6.45,129.70,2409.21,33.25,4248.00,0
6.46,133.30,2396.28,32.75,4271.00,0
6.45,136.40,2410.03,33.25,4278.00,0
6.46,136.40,2417.34,33.25,4271.00,0
6.46,135.40,2436.04,33.50,4255.00,0
6.46,133.30,2399.99,33.25,4262.00,0
6.46,133.30,2402.66,33.25,4281.00,0
6.45,135.40,2424.01,33.25,4288.00,0
6.46,135.40,2435.04,33.25,4285.00,0
6.45,134.30,2393.60,33.25,4304.00,0
6.46,145.70,2422.20,33.25,4403.00,0
6.46,149.70,2425.02,33.25,4553.00,0
6.46,157.40,2482.12,33.50,4588.00,0
6.45,162.40,2451.09,33.25,4665.00,0
6.47,158.60,2439.42,33.25,4701.00,0
6.46,155.60,2432.04,33.25,4715.00,0
6.47,153.80,2498.43,33.25,4717.00,0
6.46,149.70,2622.85,33.00,4773.00,0
6.48,146.80,1331.41,32.50,8707.00,0
6.48,129.90,1063.43,32.00,2648.00,0